Uploaded_variation	Location	Allele	Consequence	IMPACT	SYMBOL	Gene	Feature	transcript_id	translation_id	aa_wt	aa_alt	prot_pos	mhcII_wt_context	mhcI_wt_context	mhcII_mut_context	mhcI_mut_context	MANE_SELECT	MANE_PLUS_CLINICAL	MANE	APPRIS	TSL
10_79613209_C/T	10:79613209-79613209	T	stop_gained	HIGH	SFTPA1	ENSG00000122852	ENST00000398636.8	ENST00000398636.8	ENSP00000381633	E	*	105	EPGERGPPGLPAHLDEELQATLHDFRHQILQ	PGLPAHLDEELQATLHD	EPGERGPPGLPAHLD*ELQATLHDFRHQILQ	PGLPAHLD*ELQATLHD	NM_005411.5	-	MANE_Select	P4	1
11_1016412_GAG/-	11:1016411-1016414	-	inframe_deletion	MODERATE	MUC6	ENSG00000184956	ENST00000421673.7	ENST00000421673.7	ENSP00000406861	SS	S	2129	LSSATTPVSTTNQLSSSFSPSPSAPSTVSSY	VSTTNQLSSSFSPSPSA			NM_005961.3	-	MANE_Select	P1	5
11_1016916_A/G	11:1016916-1016916	G	missense_variant	MODERATE	MUC6	ENSG00000184956	ENST00000421673.7	ENST00000421673.7	ENSP00000406861	L	P	1962	TRTPVAHTTSASSSRLPTPFTTHSPPTGSSP	TTSASSSRLPTPFTTHS	TRTPVAHTTSASSSRPPTPFTTHSPPTGSSP	TTSASSSRPPTPFTTHS	NM_005961.3	-	MANE_Select	P1	5
11_1017307_G/A	11:1017307-1017307	A	missense_variant	MODERATE	MUC6	ENSG00000184956	ENST00000421673.7	ENST00000421673.7	ENSP00000406861	P	S	1832	ATSFQTTTTYPTPSHPHTTLPTHVPSFSTSL	TTYPTPSHPHTTLPTHV	ATSFQTTTTYPTPSHSHTTLPTHVPSFSTSL	TTYPTPSHSHTTLPTHV	NM_005961.3	-	MANE_Select	P1	5
11_1017363_C/G	11:1017363-1017363	G	missense_variant	MODERATE	MUC6	ENSG00000184956	ENST00000421673.7	ENST00000421673.7	ENSP00000406861	G	A	1813	TTHSPPTGTTPISSTGPVTATSFQTTTTYPT	GTTPISSTGPVTATSFQ	TTHSPPTGTTPISSTAPVTATSFQTTTTYPT	GTTPISSTAPVTATSFQ	NM_005961.3	-	MANE_Select	P1	5
11_1017988_G/T	11:1017988-1017988	T	missense_variant	MODERATE	MUC6	ENSG00000184956	ENST00000421673.7	ENST00000421673.7	ENSP00000406861	P	T	1605	PMTATSFKTTTTYPTPSHPQTTLPTHVPPFS	KTTTTYPTPSHPQTTLP	PMTATSFKTTTTYPTTSHPQTTLPTHVPPFS	KTTTTYPTTSHPQTTLP	NM_005961.3	-	MANE_Select	P1	5
11_1092890_C/T	11:1092890-1092890	T	missense_variant	MODERATE	MUC2	ENSG00000198788	ENST00000675028.1	ENST00000675028.1	ENSP00000502432	E	D	1241	GKILNQTQDGAFCYWEICGPNGTVEKHFNIC	QDGAFCYWEICGPNGTV	GKILNQTQDGAFCYWDICGPNGTVEKHFNIC	QDGAFCYWDICGPNGTV	-	-	-	P3	-
11_320723_C/T	11:320723-320723	T	missense_variant	MODERATE	IFITM3	ENSG00000142089	ENST00000399808.5	ENST00000399808.5	ENSP00000382707	V	M	31	QPPNYEMLKEEHEVAVLGAPHNPAPPTSTVI	LKEEHEVAVLGAPHNPA	QPPNYEMLKEEHEVAMLGAPHNPAPPTSTVI	LKEEHEVAMLGAPHNPA	NM_021034.3	-	MANE_Select	P2	1
11_61734852_C/A	11:61734852-61734852	A	stop_gained	HIGH	DAGLA	ENSG00000134780	ENST00000257215.10	ENST00000257215.10	ENSP00000257215	C	*	326	RKPACGLCQLARSCSCCLCPARPRFAPGVTI	CQLARSCSCCLCPARPR	RKPACGLCQLARSCS*CLCPARPRFAPGVTI	CQLARSCS*CLCPARPR	NM_006133.3	-	MANE_Select	P1	1
11_62649510_C/A	11:62649510-62649510	A	missense_variant	MODERATE	INTS5	ENSG00000185085	ENST00000330574.2	ENST00000330574.2	ENSP00000327889	M	I	190	ELLQLWMGCRATRTLMDIYVQCLSALIGSCP	GCRATRTLMDIYVQCLS	ELLQLWMGCRATRTLIDIYVQCLSALIGSCP	GCRATRTLIDIYVQCLS	NM_030628.2	-	MANE_Select	P1	1
11_65046272_A/G	11:65046272-65046272	G	missense_variant	MODERATE	NAALADL1	ENSG00000168060	ENST00000358658.8	ENST00000358658.8	ENSP00000351484	D	A	591	ILRLSDSFFLPLKVSDYSETLRSFLQAAQQD	FFLPLKVSDYSETLRSF	ILRLSDSFFLPLKVSAYSETLRSFLQAAQQD	FFLPLKVSAYSETLRSF	NM_005468.3	-	MANE_Select	P1	1
11_66625573_G/A	11:66625573-66625573	A	missense_variant	MODERATE	RBM14	ENSG00000239306	ENST00000310137.5	ENST00000310137.5	ENSP00000311747	V	D	566	AGQPSAAYLSMSQGAVANANSTPPPYERTRL	YLSMSQGAVANANSTPP	AGQPSAAYLSMSQGADANANSTPPPYERTRL	YLSMSQGADANANSTPP	NM_006328.4	-	MANE_Select	P3	1
11_77921399_T/C	11:77921399-77921399	C	missense_variant	MODERATE	INTS4	ENSG00000149262	ENST00000534064.6	ENST00000534064.6	ENSP00000434466	T	A	569	AAKTCPTMPALFSDHTFRHYAYLRDSLSHLV	MPALFSDHTFRHYAYLR	AAKTCPTMPALFSDHAFRHYAYLRDSLSHLV	MPALFSDHAFRHYAYLR	NM_033547.4	-	MANE_Select	P3	1
11_884165_C/A	11:884165-884165	A	missense_variant	MODERATE	CHID1	ENSG00000177830	ENST00000323578.13	ENST00000323578.13	ENSP00000325055	D	Y	236	LLALLVIPPAITPGTDQLGMFTHKEFEQLAP	PPAITPGTDQLGMFTHK	LLALLVIPPAITPGTYQLGMFTHKEFEQLAP	PPAITPGTYQLGMFTHK	NM_023947.4	-	MANE_Select	P3	1
12_123879692_C/A	12:123879692-123879692	A	missense_variant	MODERATE	DNAH10	ENSG00000197653	ENST00000673944.1	ENST00000673944.1	ENSP00000501095	V	E	2842	IGSLVVEHFKDDVEVVMRDPILFGDFQMALH	HFKDDVEVVMRDPILFG	IGSLVVEHFKDDVEVEMRDPILFGDFQMALH	HFKDDVEVEMRDPILFG	NM_001372106.1	-	MANE_Select	P1	-
12_133202837_C/A	12:133202837-133202837	A	missense_variant	MODERATE	ZNF268	ENSG00000090612	ENST00000536435.7	ENST00000536435.7	ENSP00000444412	G	E	384	FSRKDQLVSHQKTHSGQKPYVCNECGKAFGL	VSHQKTHSGQKPYVCNE	FSRKDQLVSHQKTHSEQKPYVCNECGKAFGL	VSHQKTHSEQKPYVCNE	NM_003415.3	-	MANE_Select	P2	1
12_56361718_A/G	12:56361718-56361718	G	missense_variant	MODERATE	APOF	ENSG00000175336	ENST00000398189.4	ENST00000398189.4	ENSP00000381250	G	A	163	ALQLLAREQQSTGRVGRSLPTEDCENEKEQA	EQQSTGRVGRSLPTEDC	ALQLLAREQQSTGRVARSLPTEDCENEKEQA	EQQSTGRVARSLPTEDC	NM_001638.4	-	MANE_Select	P2	1
12_57498569_G/T	12:57498569-57498569	T	missense_variant	MODERATE	MARS1	ENSG00000166986	ENST00000262027.10	ENST00000262027.10	ENSP00000262027	W	L	346	EICDKYHIIHADIYRWFNISFDIFGRTTTPQ	IIHADIYRWFNISFDIF	EICDKYHIIHADIYRLFNISFDIFGRTTTPQ	IIHADIYRLFNISFDIF	NM_004990.4	-	MANE_Select	P3	1
12_57569279_A/G	12:57569279-57569279	G	missense_variant	MODERATE	KIF5A	ENSG00000155980	ENST00000455537.7	ENST00000455537.7	ENSP00000408979	D	E	281	ISALAEGTKSYVPYRDSKMTRILQDSLGGNC	TKSYVPYRDSKMTRILQ	ISALAEGTKSYVPYRESKMTRILQDSLGGNC	TKSYVPYRESKMTRILQ	NM_004984.4	-	MANE_Select	P3	1
14_102891358_G/T	14:102891358-102891358	T	missense_variant	MODERATE	TRAF3	ENSG00000131323	ENST00000392745.8	ENST00000392745.8	ENSP00000376500	S	C	254	CVFQGTNQQIKAHEASSAVQHVNLLKEWSNS	QQIKAHEASSAVQHVNL	CVFQGTNQQIKAHEACSAVQHVNLLKEWSNS	QQIKAHEACSAVQHVNL	NM_145725.3	-	MANE_Select	P1	1
14_23416891_C/T	14:23416891-23416891	T	missense_variant	MODERATE	MYH7	ENSG00000092054	ENST00000355349.4	ENST00000355349.4	ENSP00000347507	Q	K	1541	LEKVRKQLEAEKMELQSALEEAEASLEHEEG	LEAEKMELQSALEEAEA	LEKVRKQLEAEKMELKSALEEAEASLEHEEG	LEAEKMELKSALEEAEA	NM_000257.4	-	MANE_Select	P3	1
14_24974805_G/A	14:24974805-24974805	A	missense_variant	MODERATE	STXBP6	ENSG00000168952	ENST00000323944.10	ENST00000323944.10	ENSP00000324302	S	F	5	MSAKSAISKEIFAPLDERML	MSAKSAISKEIFA	MSAKFAISKEIFAPLDERML	MSAKFAISKEIFA	NM_001394410.1	-	MANE_Select	P1	1
15_34102761_G/A	15:34102761-34102761	A	missense_variant	MODERATE	PGBD4	ENSG00000182405	ENST00000397766.4	ENST00000397766.4	ENSP00000380872	A	D	77	KSSTSSDSGRSMKWSARAMIPRQRYDFTGTP	SGRSMKWSARAMIPRQR	KSSTSSDSGRSMKWSDRAMIPRQRYDFTGTP	SGRSMKWSDRAMIPRQR	NM_152595.5	-	MANE_Select	P1	-
15_35084309_A/G	15:35084309-35084309	G	missense_variant	MODERATE	NANOGP8	ENSG00000255192	ENST00000528386.4	ENST00000528386.4	ENSP00000487073	E	Q	268	HFQPNSPASDLEAALEAAGEGLNVIQQTTRY	ASDLEAALEAAGEGLNV	HFQPNSPASDLEAALQAAGEGLNVIQQTTRY	ASDLEAALQAAGEGLNV	NM_001355281.2	-	MANE_Select	P1	-
15_41749983_G/T	15:41749983-41749983	T	missense_variant	MODERATE	MGA	ENSG00000174197	ENST00000703841.1	ENST00000703841.1	ENSP00000515495	N	Y	2175	DVKVEQQKGFDNPEENSSEFPVTFKEESKFE	KGFDNPEENSSEFPVTF	DVKVEQQKGFDNPEEYSSEFPVTFKEESKFE	KGFDNPEEYSSEFPVTF	NM_001400225.1	-	MANE_Select	A2	-
15_41862869_G/C	15:41862869-41862869	C	missense_variant	MODERATE	SPTBN5	ENSG00000137877	ENST00000320955.8	ENST00000320955.8	ENSP00000317790	D	G	2395	IQEKEALIQALDCGKDLESVQRLLRKHEELE	IQALDCGKDLESVQRLL	IQEKEALIQALDCGKGLESVQRLLRKHEELE	IQALDCGKGLESVQRLL	NM_016642.4	-	MANE_Select	P1	1
15_79090371_G/T	15:79090371-79090371	T	stop_gained	HIGH	RASGRF1	ENSG00000058335	ENST00000558480.7	ENST00000558480.7	ENSP00000452781	W	*	43	YLSKRSSDNTKWQTKWFALLQNLLFYFESDS	DNTKWQTKWFALLQNLL	YLSKRSSDNTKWQTK*FALLQNLLFYFESDS	DNTKWQTK*FALLQNLL	NM_001145648.3	-	MANE_Select	P1	2
16_2100432_G/A	16:2100432-2100432	A	missense_variant	MODERATE	PKD1	ENSG00000008710	ENST00000262304.9	ENST00000262304.9	ENSP00000262304	S	C	3178	NSLDIFRIATPHSLGSVWKIRVWHDNKGLSP	IATPHSLGSVWKIRVWH	NSLDIFRIATPHSLGCVWKIRVWHDNKGLSP	IATPHSLGCVWKIRVWH	NM_001009944.3	-	MANE_Select	P5	1
16_30369466_CCGCTCCTTCTCCTGTTTCTG/-	16:30369465-30369486	-	inframe_deletion	MODERATE	TBC1D10B	ENSG00000169221	ENST00000409939.8	ENST00000409939.8	ENSP00000386538	VTPAPEPA	A	233	TGPSGTCEAPVAVVTVTPAPEPAENSQDLGS	EAPVAVVTVTPAPEPAE			NM_015527.4	-	MANE_Select	P1	1
16_30525161_G/T	16:30525161-30525161	T	missense_variant	MODERATE	ZNF768	ENSG00000169957	ENST00000380412.7	ENST00000380412.7	ENSP00000369777	A	T	327	TGERPYKCPRCGKAFADSSYLLRHQRTHSGQ	CPRCGKAFADSSYLLRH	TGERPYKCPRCGKAFTDSSYLLRHQRTHSGQ	CPRCGKAFTDSSYLLRH	NM_024671.4	-	MANE_Select	P2	1
16_4802537_C/T	16:4802537-4802537	T	missense_variant	MODERATE	ROGDI	ENSG00000067836	ENST00000322048.12	ENST00000322048.12	ENSP00000322832	R	Q	12	MATVMAATAAERAVLEEEFRWLLHDEV	VMAATAAERAVLEEEFR	MATVMAATAAEQAVLEEEFRWLLHDEV	VMAATAAEQAVLEEEFR	NM_024589.3	-	MANE_Select	P3	1
16_88721635_C/T	16:88721635-88721635	T	missense_variant	MODERATE	PIEZO1	ENSG00000103335	ENST00000301015.14	ENST00000301015.14	ENSP00000301015	F	Y	1769	WNSHVVLRRYENKPYFPPRILGLEKTDGYIK	RRYENKPYFPPRILGLE	WNSHVVLRRYENKPYYPPRILGLEKTDGYIK	RRYENKPYYPPRILGLE	NM_001142864.4	-	MANE_Select	P2	1
17_10398547_G/A	17:10398547-10398547	A	stop_gained	HIGH	MYH8	ENSG00000133020	ENST00000403437.2	ENST00000403437.2	ENSP00000384330	E	*	1359	DLLREQYEEEQEGKAELQRALSKANSEVAQW	EEEQEGKAELQRALSKA	DLLREQYEEEQEGKA*LQRALSKANSEVAQW	EEEQEGKA*LQRALSKA	NM_002472.3	-	MANE_Select	P1	5
17_35746204_G/T	17:35746204-35746204	T	missense_variant	MODERATE	GAS2L2	ENSG00000270765	ENST00000604641.6	ENST00000604641.6	ENSP00000474529	D	E	431	IPTSWVHEETDSWGTDAGNPTPQRLRAIEAT	EETDSWGTDAGNPTPQR	IPTSWVHEETDSWGTEAGNPTPQRLRAIEAT	EETDSWGTEAGNPTPQR	NM_139285.4	-	MANE_Select	P1	1
17_39186078_G/T	17:39186078-39186078	T	missense_variant	MODERATE	CACNB1	ENSG00000067191	ENST00000910733.1	ENST00000910733.1	ENSP00000580792	E	K	219	PTPPASGNEMTNLAFELDPLELEEEEAELGE	NEMTNLAFELDPLELEE	PTPPASGNEMTNLAFKLDPLELEEEEAELGE	NEMTNLAFKLDPLELEE	-	-	-	A1	-
17_4675353_C/T	17:4675353-4675353	T	missense_variant	MODERATE	PELP1	ENSG00000141456	ENST00000572293.7	ENST00000572293.7	ENSP00000460300	G	R	360	ICRTLSVSSKNISLHGDGPLRLLLLPSIHLE	SSKNISLHGDGPLRLLL	ICRTLSVSSKNISLHRDGPLRLLLLPSIHLE	SSKNISLHRDGPLRLLL	NM_014389.3	-	MANE_Select	A2	1
17_48625960_C/A	17:48625960-48625960	A	missense_variant	MODERATE	HOXB9	ENSG00000170689	ENST00000311177.7	ENST00000311177.7	ENSP00000309439	R	C	104	PAESRYLRTWLEPAPRGEAAPGQGQAAVKAE	RTWLEPAPRGEAAPGQG	PAESRYLRTWLEPAPCGEAAPGQGQAAVKAE	RTWLEPAPCGEAAPGQG	NM_024017.5	-	MANE_Select	P1	1
17_48626266_G/T	17:48626266-48626266	T	missense_variant	MODERATE	HOXB9	ENSG00000170689	ENST00000311177.7	ENST00000311177.7	ENSP00000309439	S	T	2	MSISGTLSSYYVDSIIS	MSISGTLSSY	MTISGTLSSYYVDSIIS	MTISGTLSSY	NM_024017.5	-	MANE_Select	P1	1
17_60043913_C/T	17:60043913-60043913	T	missense_variant	MODERATE	HEATR6	ENSG00000068097	ENST00000184956.11	ENST00000184956.11	ENSP00000184956	V	I	1066	QKSEDTIDFLEFKYCVSLRTQICQALIHLLS	DFLEFKYCVSLRTQICQ	QKSEDTIDFLEFKYCISLRTQICQALIHLLS	DFLEFKYCISLRTQICQ	NM_022070.5	-	MANE_Select	P3	1
17_60679483_G/T	17:60679483-60679483	T	missense_variant	MODERATE	BCAS3	ENSG00000141376	ENST00000407086.8	ENST00000407086.8	ENSP00000385323	S	F	9	MNEAMATDSPRRPSRCTGGVVVRP	MNEAMATDSPRRPSRCT	MNEAMATDFPRRPSRCTGGVVVRP	MNEAMATDFPRRPSRCT	NM_017679.5	-	MANE_Select	P4	1
18_10718203_C/T	18:10718203-10718203	T	missense_variant	MODERATE	PIEZO2	ENSG00000154864	ENST00000674853.1	ENST00000674853.1	ENSP00000501957	P	T	1696	WEDREDEPIKKKSDGPDNIIKRIFNILKFTW	PIKKKSDGPDNIIKRIF	WEDREDEPIKKKSDGTDNIIKRIFNILKFTW	PIKKKSDGTDNIIKRIF	NM_001378183.1	-	MANE_Select	-	-
18_10797478_T/A	18:10797478-10797478	A	stop_gained	HIGH	PIEZO2	ENSG00000154864	ENST00000674853.1	ENST00000674853.1	ENSP00000501957	E	*	475	EKREEEEEEKEEFEEERSREEKRSIKVHAMV	EEKEEFEEERSREEKRS	EKREEEEEEKEEFEE*RSREEKRSIKVHAMV	EEKEEFEE*RSREEKRS	NM_001378183.1	-	MANE_Select	-	-
18_12096211_T/G	18:12096211-12096211	G	missense_variant	MODERATE	ANKRD62	ENSG00000181626	ENST00000587848.3	ENST00000587848.3	ENSP00000467740	L	V	175	YGADIEARSQDGHTSLLLAVNRKKEQMVAFL	RSQDGHTSLLLAVNRKK	YGADIEARSQDGHTSVLLAVNRKKEQMVAFL	RSQDGHTSVLLAVNRKK	NM_001277333.2	-	MANE_Select	P1	5
18_2884988_A/T	18:2884988-2884988	T	missense_variant	MODERATE	EMILIN2	ENSG00000132205	ENST00000254528.4	ENST00000254528.4	ENSP00000254528	R	S	94	MPCPSALVYRVNFRPRYVTRYKTVTQLEWRC	VYRVNFRPRYVTRYKTV	MPCPSALVYRVNFRPSYVTRYKTVTQLEWRC	VYRVNFRPSYVTRYKTV	NM_032048.3	-	MANE_Select	P2	1
18_3067439_T/A	18:3067439-3067439	A	missense_variant	MODERATE	MYOM1	ENSG00000101605	ENST00000356443.9	ENST00000356443.9	ENSP00000348821	R	S	1627	ALASDDHCNLKFEAGRTAYFTINGVSTADSG	CNLKFEAGRTAYFTING	ALASDDHCNLKFEAGSTAYFTINGVSTADSG	CNLKFEAGSTAYFTING	NM_003803.4	-	MANE_Select	P2	1
18_3067471_T/A	18:3067471-3067471	A	missense_variant	MODERATE	MYOM1	ENSG00000101605	ENST00000356443.9	ENST00000356443.9	ENSP00000348821	D	Y	1617	PEVSWLKNEKALASDDHCNLKFEAGRTAYFT	NEKALASDDHCNLKFEA	PEVSWLKNEKALASDYHCNLKFEAGRTAYFT	NEKALASDYHCNLKFEA	NM_003803.4	-	MANE_Select	P2	1
18_3094261_T/G	18:3094261-3094261	G	missense_variant	MODERATE	MYOM1	ENSG00000101605	ENST00000356443.9	ENST00000356443.9	ENSP00000348821	G	A	1258	TVPVKSELAVEILEKGQVRFWMQAEKLSGNA	LAVEILEKGQVRFWMQA	TVPVKSELAVEILEKAQVRFWMQAEKLSGNA	LAVEILEKAQVRFWMQA	NM_003803.4	-	MANE_Select	P2	1
18_674365_C/A	18:674365-674365	A	missense_variant	MODERATE	ENOSF1	ENSG00000132199	ENST00000647584.2	ENST00000647584.2	ENSP00000497230	K	N	424	PKDPGYSTEMKEESVKKHQYPDGEVWKKLLP	TEMKEESVKKHQYPDGE	PKDPGYSTEMKEESVNKHQYPDGEVWKKLLP	TEMKEESVNKHQYPDGE	NM_017512.7	-	MANE_Select	P3	-
18_6997830_C/G	18:6997830-6997830	G	missense_variant	MODERATE	LAMA1	ENSG00000101680	ENST00000389658.4	ENST00000389658.4	ENSP00000374309	D	A	1573	DECVGVLLNDLDEIGDAVLSLNLTGIIPVPY	LNDLDEIGDAVLSLNLT	DECVGVLLNDLDEIGAAVLSLNLTGIIPVPY	LNDLDEIGAAVLSLNLT	NM_005559.4	-	MANE_Select	P3	1
18_9254584_C/G	18:9254584-9254584	G	missense_variant	MODERATE	ANKRD12	ENSG00000101745	ENST00000262126.9	ENST00000262126.9	ENSP00000262126	I	M	439	SSTESSDEEALQNKKISTSCSVIPETSNSDM	EEALQNKKISTSCSVIP	SSTESSDEEALQNKKMSTSCSVIPETSNSDM	EEALQNKKMSTSCSVIP	NM_015208.5	-	MANE_Select	P4	1
18_9886918_A/G	18:9886918-9886918	G	missense_variant	MODERATE	TXNDC2	ENSG00000168454	ENST00000357775.6	ENST00000357775.6	ENSP00000350419	S	G	80	EDLPKSSEKAIQPKESNIPKSSAKPIQPKLG	EKAIQPKESNIPKSSAK	EDLPKSSEKAIQPKEGNIPKSSAKPIQPKLG	EKAIQPKEGNIPKSSAK	NM_032243.6	-	MANE_Select	P2	1
19_1052100_G/T	19:1052100-1052100	T	missense_variant	MODERATE	ABCA7	ENSG00000064687	ENST00000263094.11	ENST00000263094.11	ENSP00000263094	R	C	1041	RRHLGSGYYLTLVKARLPLTTNEKADTDMEG	YYLTLVKARLPLTTNEK	RRHLGSGYYLTLVKACLPLTTNEKADTDMEG	YYLTLVKACLPLTTNEK	NM_019112.4	-	MANE_Select	P1	5
19_1207097_AG/-	19:1207096-1207098	-	frameshift_variant	HIGH	STK11	ENSG00000118046	ENST00000326873.12	ENST00000326873.12	ENSP00000324856	K	X	62	GKYLMGDLLGEGSYGKVKEVLDSETLCRRAV	LLGEGSYGKVKEVLDSE	GKYLMGDLLGEGSYGXVKEVLDSETLCRRAV	LLGEGSYGXVKEVLDSE	NM_000455.5	-	MANE_Select	P1	1
19_1234721_T/C	19:1234721-1234721	C	missense_variant	MODERATE	CBARP	ENSG00000099625	ENST00000650044.2	ENST00000650044.2	ENSP00000497208	D	E	159	RKTQDKGRRYTLTEGDFHHLKNARLTHLHLP	RRYTLTEGDFHHLKNAR	RKTQDKGRRYTLTEGEFHHLKNARLTHLHLP	RRYTLTEGEFHHLKNAR	NM_001393918.1	-	MANE_Select	A2	-
19_1235857_C/T	19:1235857-1235857	T	missense_variant	MODERATE	CBARP	ENSG00000099625	ENST00000650044.2	ENST00000650044.2	ENSP00000497208	V	E	56	ILDNYVLLVVVMSLFVGGTLVVLSGVLLLCK	LVVVMSLFVGGTLVVLS	ILDNYVLLVVVMSLFEGGTLVVLSGVLLLCK	LVVVMSLFEGGTLVVLS	NM_001393918.1	-	MANE_Select	A2	-
19_1360675_C/T	19:1360675-1360675	T	missense_variant	MODERATE	PWWP3A	ENSG00000160953	ENST00000591337.7	ENST00000591337.7	ENSP00000467287	A	S	252	DDTERDMGSKGGSWAAPSLPSGVREDDPCAN	GSKGGSWAAPSLPSGVR	DDTERDMGSKGGSWASPSLPSGVREDDPCAN	GSKGGSWASPSLPSGVR	NM_001369789.1	-	MANE_Select	A2	2
19_1428934_GCTGCCAATGGCTGGGCAGGCCA/-	19:1428933-1428956	-	frameshift_variant	HIGH	DAZAP1	ENSG00000071626	ENST00000233078.9	ENST00000233078.9	ENSP00000233078	NAANGWAGQ	KX	213	PGQPGASQWGSRVVPNAANGWAGQPPPTWQQ	QWGSRVVPNAANGWAGQ			NM_018959.4	-	MANE_Select	A1	1
19_1490288_G/A	19:1490288-1490288	A	missense_variant	MODERATE	PCSK4	ENSG00000115257	ENST00000300954.10	ENST00000300954.10	ENSP00000300954	R	L	20	PIALWLRLVLALALVRPRAVGWAPVRAPIYV	LVLALALVRPRAVGWAP	PIALWLRLVLALALVLPRAVGWAPVRAPIYV	LVLALALVLPRAVGWAP	NM_017573.5	-	MANE_Select	P2	1
19_3011031_G/A	19:3011031-3011031	A	missense_variant	MODERATE	TLE2	ENSG00000065717	ENST00000262953.11	ENST00000262953.11	ENSP00000262953	D	Y	335	ASHLCQLAAKPAPSTDSVALRSPLTLSSPFT	AAKPAPSTDSVALRSPL	ASHLCQLAAKPAPSTYSVALRSPLTLSSPFT	AAKPAPSTYSVALRSPL	NM_003260.5	-	MANE_Select	A1	1
19_3157762_A/G	19:3157762-3157762	G	missense_variant	MODERATE	GNA15	ENSG00000060558	ENST00000262958.4	ENST00000262958.4	ENSP00000262958	T	S	260	NNQENRMKESLALFGTILELPWFKSTSVILF	KESLALFGTILELPWFK	NNQENRMKESLALFGSILELPWFKSTSVILF	KESLALFGSILELPWFK	NM_002068.4	-	MANE_Select	P1	1
19_367205_G/T	19:367205-367205	T	missense_variant	MODERATE	SPMAP2	ENSG00000105549	ENST00000342640.9	ENST00000342640.9	ENSP00000340088	A	E	258	NFWSMPMSEVSQVSRAAQMAVPSSRILQLSK	SEVSQVSRAAQMAVPSS	NFWSMPMSEVSQVSREAQMAVPSSRILQLSK	SEVSQVSREAQMAVPSS	NM_016585.5	-	MANE_Select	A2	1
19_3910859_G/T	19:3910859-3910859	T	missense_variant	MODERATE	ATCAY	ENSG00000167654	ENST00000450849.7	ENST00000450849.7	ENSP00000390941	T	I	279	NLKSLIIVHPSWFIRTVLAISRPFISVKFIN	VHPSWFIRTVLAISRPF	NLKSLIIVHPSWFIRIVLAISRPFISVKFIN	VHPSWFIRIVLAISRPF	NM_033064.5	-	MANE_Select	P1	1
19_39734285_T/C	19:39734285-39734285	C	missense_variant,splice_region_variant	MODERATE	CLC	ENSG00000105205	ENST00000221804.5	ENST00000221804.5	ENSP00000221804	Q	E	101	GQEFELSISVLPDKYQVMVNGQSSYTFDHRI	ISVLPDKYQVMVNGQSS	GQEFELSISVLPDKYEVMVNGQSSYTFDHRI	ISVLPDKYEVMVNGQSS	NM_001828.6	-	MANE_Select	P1	1
19_4217178_C/T	19:4217178-4217178	T	missense_variant	MODERATE	ANKRD24	ENSG00000089847	ENST00000318934.9	ENST00000318934.9	ENSP00000321731	E	V	673	GAGQAEPPVTGTTNMEATGSRATGMESTGVS	PVTGTTNMEATGSRATG	GAGQAEPPVTGTTNMVATGSRATGMESTGVS	PVTGTTNMVATGSRATG	NM_001393985.1	-	MANE_Select	-	5
19_4323106_C/T	19:4323106-4323106	T	missense_variant	MODERATE	FSD1	ENSG00000105255	ENST00000221856.11	ENST00000221856.11	ENSP00000221856	T	M	387	GVAYRSLGRFEQLGKTAASWCLHVNNWLQVS	GRFEQLGKTAASWCLHV	GVAYRSLGRFEQLGKMAASWCLHVNNWLQVS	GRFEQLGKMAASWCLHV	NM_024333.3	-	MANE_Select	P3	1
19_4442934_C/T	19:4442934-4442934	T	missense_variant	MODERATE	CHAF1A	ENSG00000167670	ENST00000301280.10	ENST00000301280.10	ENSP00000301280	A	V	927	GDCMIVDVPDAAEVQAPCGAASGAGGGVGVD	VPDAAEVQAPCGAASGA	GDCMIVDVPDAAEVQVPCGAASGAGGGVGVD	VPDAAEVQVPCGAASGA	NM_005483.3	-	MANE_Select	P2	1
19_4510665_G/T	19:4510665-4510665	T	missense_variant	MODERATE	PLIN4	ENSG00000167676	ENST00000301286.5	ENST00000301286.5	ENSP00000301286	L	I	1099	PQEAPFSGISTPPDVLSVGPEPAWEAAATTK	GISTPPDVLSVGPEPAW	PQEAPFSGISTPPDVISVGPEPAWEAAATTK	GISTPPDVISVGPEPAW	NM_001367868.2	-	MANE_Select	P1	5
19_49651449_G/T	19:49651449-49651449	T	missense_variant	MODERATE	SCAF1	ENSG00000126461	ENST00000360565.8	ENST00000360565.8	ENSP00000353769	V	L	354	VDSTRADGAMRRRVFVVGTEAEACREGKVSV	GAMRRRVFVVGTEAEAC	VDSTRADGAMRRRVFLVGTEAEACREGKVSV	GAMRRRVFLVGTEAEAC	NM_021228.3	-	MANE_Select	P3	2
19_5041222_C/A	19:5041222-5041222	A	missense_variant	MODERATE	KDM4B	ENSG00000127663	ENST00000159111.9	ENST00000159111.9	ENSP00000159111	A	T	135	RKYWKNLTFVSPIYGADISGSLYDDDVAQWN	TFVSPIYGADISGSLYD	RKYWKNLTFVSPIYGTDISGSLYDDDVAQWN	TFVSPIYGTDISGSLYD	NM_015015.3	-	MANE_Select	P2	1
19_5218452_G/T	19:5218452-5218452	T	missense_variant	MODERATE	PTPRS	ENSG00000105426	ENST00000262963.11	ENST00000262963.11	ENSP00000262963	V	E	1339	LLNNADLAPHHPKDPVEMRRINFQTPDSGLR	APHHPKDPVEMRRINFQ	LLNNADLAPHHPKDPEEMRRINFQTPDSGLR	APHHPKDPEEMRRINFQ	NM_002850.4	-	MANE_Select	-	5
19_57641516_GA/TC	19:57641516-57641517	TC	missense_variant	MODERATE	ZNF211	ENSG00000121417	ENST00000240731.5	ENST00000240731.5	ENSP00000240731	G	S	357	NSHRKVHTGERPYECGECGKSFSQRSNLMQH	TGERPYECGECGKSFSQ	NSHRKVHTGERPYECSECGKSFSQRSNLMQH	TGERPYECSECGKSFSQ	NM_006385.5	-	MANE_Select	A2	2
19_5784655_G/A	19:5784655-5784655	A	missense_variant	MODERATE	PRR22	ENSG00000212123	ENST00000419421.3	ENST00000419421.3	ENSP00000407653	Q	H	2	MQHPKPFCAPAAPQEGF	MQHPKPFCAP	MHHPKPFCAPAAPQEGF	MHHPKPFCAP	NM_001134316.2	-	MANE_Select	P1	2
19_58549386_C/T	19:58549386-58549386	T	missense_variant	MODERATE	TRIM28	ENSG00000130726	ENST00000253024.10	ENST00000253024.10	ENSP00000253024	E	V	573	TEAAIGAPPTATEGPETKPVLMALAEGPGAE	PPTATEGPETKPVLMAL	TEAAIGAPPTATEGPVTKPVLMALAEGPGAE	PPTATEGPVTKPVLMAL	NM_005762.3	-	MANE_Select	-	1
19_6187825_G/T	19:6187825-6187825	T	missense_variant	MODERATE	ACSBG2	ENSG00000130377	ENST00000588485.6	ENST00000588485.6	ENSP00000466336	S	F	636	NAQRIEKWVILEKDFSIYGGELGPMMKLKRH	WVILEKDFSIYGGELGP	NAQRIEKWVILEKDFFIYGGELGPMMKLKRH	WVILEKDFFIYGGELGP	NM_030924.5	-	MANE_Select	P1	1
19_6495789_G/A	19:6495789-6495789	A	missense_variant	MODERATE	TUBB4A	ENSG00000104833	ENST00000264071.7	ENST00000264071.7	ENSP00000264071	T	I	237	YGDLNHLVSATMSGVTTCLRFPGQLNADLRK	VSATMSGVTTCLRFPGQ	YGDLNHLVSATMSGVITCLRFPGQLNADLRK	VSATMSGVITCLRFPGQ	NM_006087.4	-	MANE_Select	P1	1
19_6678260_T/C	19:6678260-6678260	C	missense_variant	MODERATE	C3	ENSG00000125730	ENST00000245907.11	ENST00000245907.11	ENSP00000245907	Q	R	1581	EQTIKSGSDEVQVGQQRTFISPIKCREALKL	SDEVQVGQQRTFISPIK	EQTIKSGSDEVQVGQRRTFISPIKCREALKL	SDEVQVGQRRTFISPIK	NM_000064.4	-	MANE_Select	P3	1
19_7625960_C/T	19:7625960-7625960	T	missense_variant	MODERATE	XAB2	ENSG00000076924	ENST00000358368.5	ENST00000358368.5	ENSP00000351137	L	I	248	DKVQSLNVDAIIRGGLTRFTDQLGKLWCSLA	VDAIIRGGLTRFTDQLG	DKVQSLNVDAIIRGGITRFTDQLGKLWCSLA	VDAIIRGGITRFTDQLG	NM_020196.3	-	MANE_Select	P3	1
19_8527458_A/C	19:8527458-8527458	C	missense_variant	MODERATE	MYO1F	ENSG00000142347	ENST00000644032.2	ENST00000644032.2	ENSP00000494550	T	R	785	KYDRRFKPIKRDLILTPKCVYVIGREKVKKG	PIKRDLILTPKCVYVIG	KYDRRFKPIKRDLILRPKCVYVIGREKVKKG	PIKRDLILRPKCVYVIG	NM_012335.4	-	MANE_Select	P3	-
19_853306_C/T	19:853306-853306	T	missense_variant	MODERATE	ELANE	ENSG00000197561	ENST00000263621.2	ENST00000263621.2	ENSP00000263621	S	L	90	VNVRAVRVVLGAHNLSRREPTRQVFAVQRIF	VVLGAHNLSRREPTRQV	VNVRAVRVVLGAHNLLRREPTRQVFAVQRIF	VVLGAHNLLRREPTRQV	NM_001972.4	-	MANE_Select	P1	1
19_875282_T/C	19:875282-875282	C	missense_variant	MODERATE	MED16	ENSG00000175221	ENST00000325464.6	ENST00000325464.6	ENSP00000325612	D	G	578	LLRPHFLNTPDKSPGDRLTEICTKITDVDID	NTPDKSPGDRLTEICTK	LLRPHFLNTPDKSPGGRLTEICTKITDVDID	NTPDKSPGGRLTEICTK	NM_005481.3	-	MANE_Select	-	5
1_120436670_C/A	1:120436670-120436670	A	missense_variant	MODERATE	NBPF8	ENSG00000270231	ENST00000698216.1	ENST00000698216.1	ENSP00000513610	F	I	50	FVNLKERCFLTQLAGFLANRQKKYKYEECKD	CFLTQLAGFLANRQKKY	FVNLKERCFLTQLAGILANRQKKYKYEECKD	CFLTQLAGILANRQKKY	NM_001037501.5	-	MANE_Select	P4	-
1_152085490_C/T	1:152085490-152085490	T	missense_variant	MODERATE	TCHHL1	ENSG00000182898	ENST00000368806.2	ENST00000368806.2	ENSP00000357796	S	Y	731	AQNTLLESLDEDNSASLKIQLETKEPVTSEE	SLDEDNSASLKIQLETK	AQNTLLESLDEDNSAYLKIQLETKEPVTSEE	SLDEDNSAYLKIQLETK	NM_001008536.2	-	MANE_Select	P1	1
1_155629657_G/T	1:155629657-155629657	T	missense_variant	MODERATE	-	ENSG00000287839	ENST00000713940.1	ENST00000713940.1	ENSP00000519539	P	T	687	LVKQKEGGDSKECTTPQMQLNLALYTLNFLN	GDSKECTTPQMQLNLAL	LVKQKEGGDSKECTTTQMQLNLALYTLNFLN	GDSKECTTTQMQLNLAL	-	-	-	P1	-
1_161123896_C/T	1:161123896-161123896	T	missense_variant	MODERATE	DEDD	ENSG00000158796	ENST00000368006.8	ENST00000368006.8	ENSP00000356985	V	M	126	PDLVDKYLEETSIRYVTPRALSDPEPRPPQP	LEETSIRYVTPRALSDP	PDLVDKYLEETSIRYMTPRALSDPEPRPPQP	LEETSIRYMTPRALSDP	NM_032998.3	-	MANE_Select	P4	1
1_197094085_C/A	1:197094085-197094085	A	missense_variant,splice_region_variant	MODERATE	ASPM	ENSG00000066279	ENST00000367409.9	ENST00000367409.9	ENSP00000356379	K	I	3028	AILPAKIAHEHFLMIKRHRAACLIQAHYRGY	AHEHFLMIKRHRAACLI	AILPAKIAHEHFLMIIRHRAACLIQAHYRGY	AHEHFLMIIRHRAACLI	NM_018136.5	-	MANE_Select	P1	1
1_20672037_C/A	1:20672037-20672037	A	missense_variant	MODERATE	KIF17	ENSG00000117245	ENST00000400463.8	ENST00000400463.8	ENSP00000383311	S	C	875	LLEQVQPLIRRDCNYSNLEKILRESCWDEDN	LIRRDCNYSNLEKILRE	LLEQVQPLIRRDCNYCNLEKILRESCWDEDN	LIRRDCNYCNLEKILRE	NM_001122819.3	-	MANE_Select	A2	1
1_33583665_T/C	1:33583665-33583665	C	missense_variant	MODERATE	CSMD2	ENSG00000121904	ENST00000373381.9	ENST00000373381.9	ENSP00000362479	Y	C	2406	YNISLTVEYFLSEKQYDEFEIFDGPSGQSPL	EYFLSEKQYDEFEIFDG	YNISLTVEYFLSEKQCDEFEIFDGPSGQSPL	EYFLSEKQCDEFEIFDG	NM_001281956.2	-	MANE_Select	P2	1
1_43317239_A/T	1:43317239-43317239	T	missense_variant	MODERATE	TIE1	ENSG00000066056	ENST00000372476.8	ENST00000372476.8	ENSP00000361554	T	I	817	GSGEETILQFSSGTLTLTRRPKLQPEPLSYP	LQFSSGTLTLTRRPKLQ	GSGEETILQFSSGTLILTRRPKLQPEPLSYP	LQFSSGTLILTRRPKLQ	NM_005424.5	-	MANE_Select	P1	1
20_44279175_G/T	20:44279175-44279175	T	missense_variant	MODERATE	GDAP1L1	ENSG00000124194	ENST00000342560.10	ENST00000342560.10	ENSP00000341782	I	F	327	RKVLGDIHTTLLSAVIPNAFRLVKRKPPSFF	HTTLLSAVIPNAFRLVK	RKVLGDIHTTLLSAVFPNAFRLVKRKPPSFF	HTTLLSAVFPNAFRLVK	NM_024034.6	-	MANE_Select	P3	1
22_41574848_G/A	22:41574848-41574848	A	missense_variant	MODERATE	CSDC2	ENSG00000172346	ENST00000306149.12	ENST00000306149.12	ENSP00000302485	P	T	139	NQKFQAVEVVLTQLAPHTPHETWSGQVVGS	EVVLTQLAPHTPHETWS	NQKFQAVEVVLTQLATHTPHETWSGQVVGS	EVVLTQLATHTPHETWS	NM_014460.4	-	MANE_Select	P1	1
22_50278233_A/T	22:50278233-50278233	T	missense_variant	MODERATE	PLXNB2	ENSG00000196576	ENST00000359337.9	ENST00000359337.9	ENSP00000352288	L	M	1591	GERHALLEEENRVWHLVRPTDEVDEGKSKRG	EEENRVWHLVRPTDEVD	GERHALLEEENRVWHMVRPTDEVDEGKSKRG	EEENRVWHMVRPTDEVD	NM_012401.4	-	MANE_Select	P3	5
2_61484067_G/T	2:61484067-61484067	T	missense_variant	MODERATE	XPO1	ENSG00000082898	ENST00000401558.7	ENST00000401558.7	ENSP00000384863	F	L	849	INKDFEEYPEHRTNFFLLLQAVNSHCFPAFL	YPEHRTNFFLLLQAVNS	INKDFEEYPEHRTNFLLLLQAVNSHCFPAFL	YPEHRTNFLLLLQAVNS	NM_003400.4	-	MANE_Select	P3	1
3_14513785_T/C	3:14513785-14513785	C	missense_variant	MODERATE	GRIP2	ENSG00000144596	ENST00000621039.5	ENST00000621039.5	ENSP00000478352	R	G	507	PDSPAERCGLLQVGDRVLSINGIATEDGTME	CGLLQVGDRVLSINGIA	PDSPAERCGLLQVGDGVLSINGIATEDGTME	CGLLQVGDGVLSINGIA	NM_001080423.4	-	MANE_Select	P2	1
3_52439930_T/C	3:52439930-52439930	C	missense_variant	MODERATE	SEMA3G	ENSG00000010319	ENST00000231721.7	ENST00000231721.7	ENSP00000231721	Q	E	438	GRPVLVKTHLAQQLHQIVVDRVEAEDGTYDV	THLAQQLHQIVVDRVEA	GRPVLVKTHLAQQLHEIVVDRVEAEDGTYDV	THLAQQLHEIVVDRVEA	NM_020163.3	-	MANE_Select	P1	1
3_52442599_A/G	3:52442599-52442599	G	missense_variant	MODERATE	SEMA3G	ENSG00000010319	ENST00000231721.7	ENST00000231721.7	ENSP00000231721	G	A	100	QAWPDPREVLWPPQPGQREECVRKGRDPLTE	EVLWPPQPGQREECVRK	QAWPDPREVLWPPQPAQREECVRKGRDPLTE	EVLWPPQPAQREECVRK	NM_020163.3	-	MANE_Select	P1	1
4_30724013_G/-	4:30724012-30724013	-	frameshift_variant	HIGH	PCDH7	ENSG00000169851	ENST00000695919.1	ENST00000695919.1	ENSP00000512266	D	X	864	IDSQIARSLHIPLTQDIAGDPSYEISKQRLS	SLHIPLTQDIAGDPSYE	IDSQIARSLHIPLTQXIAGDPSYEISKQRLS	SLHIPLTQXIAGDPSYE	NM_001173523.2	-	MANE_Select	A1	-
4_38798332_G/C	4:38798332-38798332	C	missense_variant	MODERATE	TLR1	ENSG00000174125	ENST00000308979.7	ENST00000308979.7	ENSP00000354932	V	G	167	EKSSVLPIAHLNISKVLLVLGETYGEKEDPE	IAHLNISKVLLVLGETY	EKSSVLPIAHLNISKGLLVLGETYGEKEDPE	IAHLNISKGLLVLGETY	NM_003263.4	-	MANE_Select	P1	1
4_38798585_G/T	4:38798585-38798585	T	missense_variant	MODERATE	TLR1	ENSG00000174125	ENST00000308979.7	ENST00000308979.7	ENSP00000354932	Y	N	83	LSKLRILIISHNRIQYLDISVFKFNQELEYL	IISHNRIQYLDISVFKF	LSKLRILIISHNRIQNLDISVFKFNQELEYL	IISHNRIQNLDISVFKF	NM_003263.4	-	MANE_Select	P1	1
5_10290721_ATAT/-	5:10290720-10290724	-	frameshift_variant	HIGH	CMBL	ENSG00000164237	ENST00000296658.4	ENST00000296658.4	ENSP00000296658	GH	X	13	MANEAYPCPCDIGHRLEYGGLGREVQVE	AYPCPCDIGHRLEYGGL			NM_138809.4	-	MANE_Select	P3	1
5_10411446_G/T	5:10411446-10411446	T	missense_variant	MODERATE	MARCHF6	ENSG00000145495	ENST00000274140.10	ENST00000274140.10	ENSP00000274140	E	V	602	NNQHARNNNAIPVVGEGLHAAHQAILQQGGP	NNAIPVVGEGLHAAHQA	NNQHARNNNAIPVVGVGLHAAHQAILQQGGP	NNAIPVVGVGLHAAHQA	NM_005885.4	-	MANE_Select	P3	1
5_1077985_T/C	5:1077985-1077985	C	missense_variant	MODERATE	SLC12A7	ENSG00000113504	ENST00000264930.10	ENST00000264930.10	ENSP00000264930	N	D	493	EGVVLRDKFGEALQGNLVIGMLAWPSPWVIV	KFGEALQGNLVIGMLAW	EGVVLRDKFGEALQGDLVIGMLAWPSPWVIV	KFGEALQGDLVIGMLAW	NM_006598.3	-	MANE_Select	P1	1
5_1232354_G/A	5:1232354-1232354	A	missense_variant	MODERATE	SLC6A18	ENSG00000164363	ENST00000324642.4	ENST00000324642.4	ENSP00000323549	G	E	99	KGSVGVWTAISPYLSGVGLGCVTLSFLISLY	TAISPYLSGVGLGCVTL	KGSVGVWTAISPYLSEVGLGCVTLSFLISLY	TAISPYLSEVGLGCVTL	NM_182632.3	-	MANE_Select	P1	1
5_13753419_G/T	5:13753419-13753419	T	missense_variant	MODERATE	DNAH5	ENSG00000039139	ENST00000265104.5	ENST00000265104.5	ENSP00000265104	N	K	3562	RKEMKARKIPFGKNLNLSEMLIDAPTISEWN	KIPFGKNLNLSEMLIDA	RKEMKARKIPFGKNLKLSEMLIDAPTISEWN	KIPFGKNLKLSEMLIDA	NM_001369.3	-	MANE_Select	P4	1
5_140795103_G/T	5:140795103-140795103	T	missense_variant	MODERATE	PCDHA2	ENSG00000204969	ENST00000526136.2	ENST00000526136.2	ENSP00000431748	R	C	47	RYSVPEEAKHGTFVGRIAQDLGLELEELVPR	AKHGTFVGRIAQDLGLE	RYSVPEEAKHGTFVGCIAQDLGLELEELVPR	AKHGTFVGCIAQDLGLE	NM_018905.3	-	MANE_Select	P1	1
5_23527220_T/C	5:23527220-23527220	C	missense_variant	MODERATE	PRDM9	ENSG00000164256	ENST00000296682.4	ENST00000296682.4	ENSP00000296682	Q	P	711	ECGRGFSWQSVLLTHQRTHTGEKPYVCRECG	WQSVLLTHQRTHTGEKP	ECGRGFSWQSVLLTHPRTHTGEKPYVCRECG	WQSVLLTHPRTHTGEKP	NM_020227.4	-	MANE_Select	P1	1
5_23527639_CAATAAGTCACACCTC/-	5:23527638-23527654	-	frameshift_variant	HIGH	PRDM9	ENSG00000164256	ENST00000296682.4	ENST00000296682.4	ENSP00000296682	QRTHTG	X	851	ECGRGFRNKSHLLRHQRTHTGEKPYVCRECG	NKSHLLRHQRTHTGEKP			NM_020227.4	-	MANE_Select	P1	1
5_23527721_CGCAATA/-	5:23527720-23527727	-	frameshift_variant	HIGH	PRDM9	ENSG00000164256	ENST00000296682.4	ENST00000296682.4	ENSP00000296682	HQR	X	878	RECGRGFSDRSSLCYHQRTHTGEKPYVCRED	SDRSSLCYHQRTHTGEK			NM_020227.4	-	MANE_Select	P1	1
5_23527730_TCACACCTC/-	5:23527729-23527738	-	inframe_deletion	MODERATE	PRDM9	ENSG00000164256	ENST00000296682.4	ENST00000296682.4	ENSP00000296682	THTG	R	881	GRGFSDRSSLCYHQRTHTGEKPYVCREDE	SSLCYHQRTHTGEKPYV			NM_020227.4	-	MANE_Select	P1	1
5_24488016_G/A	5:24488016-24488016	A	missense_variant	MODERATE	CDH10	ENSG00000040731	ENST00000264463.8	ENST00000264463.8	ENSP00000264463	I	F	672	YNDEGGGEEDTQAFDIGTLRNPAAIEEKKLR	EEDTQAFDIGTLRNPAA	YNDEGGGEEDTQAFDFGTLRNPAAIEEKKLR	EEDTQAFDFGTLRNPAA	NM_006727.5	-	MANE_Select	P1	1
5_31983419_A/G	5:31983419-31983419	G	missense_variant	MODERATE	PDZD2	ENSG00000133401	ENST00000438447.2	ENST00000438447.2	ENSP00000402033	S	R	247	EESKGSAGCEVSSDPSTELENGPDPELGNGH	GCEVSSDPSTELENGPD	EESKGSAGCEVSSDPRTELENGPDPELGNGH	GCEVSSDPRTELENGPD	NM_178140.4	-	MANE_Select	P1	1
5_35965666_T/C	5:35965666-35965666	C	missense_variant	MODERATE	UGT3A1	ENSG00000145626	ENST00000274278.8	ENST00000274278.8	ENSP00000274278	P	R	188	LDFGLPSPLSYVPVFPSLLTDHMDFWGRVKN	PLSYVPVFPSLLTDHMD	LDFGLPSPLSYVPVFRSLLTDHMDFWGRVKN	PLSYVPVFRSLLTDHMD	NM_152404.4	-	MANE_Select	P1	1
5_476666_G/A	5:476666-476666	A	missense_variant	MODERATE	SLC9A3	ENSG00000066230	ENST00000264938.8	ENST00000264938.8	ENSP00000264938	E	D	589	PRSSTVEASVSYLLRENVSAVCLDMQSLEQR	ASVSYLLRENVSAVCLD	PRSSTVEASVSYLLRDNVSAVCLDMQSLEQR	ASVSYLLRDNVSAVCLD	NM_004174.4	-	MANE_Select	P2	1
5_891803_CTT/-	5:891802-891805	-	inframe_deletion	MODERATE	BRD9	ENSG00000028310	ENST00000467963.6	ENST00000467963.6	ENSP00000419765	VG	V	34	YADKPLEKPLKLVLKVGGSEVTELSGSGHDS	KPLKLVLKVGGSEVTEL			NM_023924.5	-	MANE_Select	-	2
5_9063091_C/T	5:9063091-9063091	T	missense_variant	MODERATE	SEMA5A	ENSG00000112902	ENST00000382496.10	ENST00000382496.10	ENSP00000371936	F	I	772	SDGTSGCSTDGLSGDFLRAGRYSAHTVNGAW	STDGLSGDFLRAGRYSA	SDGTSGCSTDGLSGDILRAGRYSAHTVNGAW	STDGLSGDILRAGRYSA	NM_003966.3	-	MANE_Select	P4	1
6_28251597_G/A	6:28251597-28251597	A	missense_variant	MODERATE	ZKSCAN4	ENSG00000187626	ENST00000377294.3	ENST00000377294.3	ENSP00000366509	L	F	128	VREQHPESGEEVVVLLEYLERQLDEPAPQVP	SGEEVVVLLEYLERQLD	VREQHPESGEEVVVLFEYLERQLDEPAPQVP	SGEEVVVLFEYLERQLD	NM_019110.5	-	MANE_Select	P2	1
6_33288173_G/T	6:33288173-33288173	T	missense_variant	MODERATE	WDR46	ENSG00000227057	ENST00000374617.9	ENST00000374617.9	ENSP00000363746	A	D	179	DGEDTAKICQADIVEAVDIASAAKHFDLNLR	ICQADIVEAVDIASAAK	DGEDTAKICQADIVEDVDIASAAKHFDLNLR	ICQADIVEDVDIASAAK	NM_005452.6	-	MANE_Select	P1	1
7_6621822_C/T	7:6621822-6621822	T	missense_variant	MODERATE	ZNF853	ENSG00000236609	ENST00000457543.4	ENST00000457543.4	ENSP00000455585	Q	H	277	LQQQLLEQQQAQLQQQLLLQQQEQLQQQQQQ	QQQAQLQQQLLLQQQEQ	LQQQLLEQQQAQLQQHLLLQQQEQLQQQQQQ	QQQAQLQQHLLLQQQEQ	NM_017560.3	-	MANE_Select	A2	3
8_67049405_G/T	8:67049405-67049405	T	missense_variant	MODERATE	COPS5	ENSG00000121022	ENST00000887420.1	ENST00000887420.1	ENSP00000557479	C	S	275	CLCCPGYCGGTISAHCSLNFPGLSDPSASAS	CGGTISAHCSLNFPGLS	CLCCPGYCGGTISAHSSLNFPGLSDPSASAS	CGGTISAHSSLNFPGLS	-	-	-	-	-
9_131475475_C/T	9:131475475-131475475	T	missense_variant	MODERATE	PRRC2B	ENSG00000288701	ENST00000683519.1	ENST00000683519.1	ENSP00000508048	A	S	1116	CSSQRSGRGRGLREFARPEDCPRAKPRRRVA	RGRGLREFARPEDCPRA	CSSQRSGRGRGLREFSRPEDCPRAKPRRRVA	RGRGLREFSRPEDCPRA	NM_013318.4	-	MANE_Select	P2	-
9_13168539_T/C	9:13168539-13168539	C	missense_variant	MODERATE	MPDZ	ENSG00000107186	ENST00000319217.12	ENST00000319217.12	ENSP00000320006	D	E	1027	AKGNSSLGMTVSANKDGLGMIVRSIIHGGAI	GMTVSANKDGLGMIVRS	AKGNSSLGMTVSANKEGLGMIVRSIIHGGAI	GMTVSANKEGLGMIVRS	NM_001378778.1	-	MANE_Select	A1	5
9_13175817_GCATGACACACTCAGCATTAC/-	9:13175816-13175837	-	inframe_deletion	MODERATE	MPDZ	ENSG00000107186	ENST00000319217.12	ENST00000319217.12	ENSP00000320006	CNAECVML	C	990	AGKGSEYLLEQSSLACNAECVMLQNVSKESF	LLEQSSLACNAECVMLQ			NM_001378778.1	-	MANE_Select	A1	5
9_13190124_A/C	9:13190124-13190124	C	stop_gained	HIGH	MPDZ	ENSG00000107186	ENST00000319217.12	ENST00000319217.12	ENSP00000320006	L	*	715	HIELEKGSKGLGFSILDYQDPIDPASTVIII	SKGLGFSILDYQDPIDP	HIELEKGSKGLGFSI*DYQDPIDPASTVIII	SKGLGFSI*DYQDPIDP	NM_001378778.1	-	MANE_Select	A1	5
9_13222402_C/T	9:13222402-13222402	T	missense_variant	MODERATE	MPDZ	ENSG00000107186	ENST00000319217.12	ENST00000319217.12	ENSP00000320006	G	E	193	RDGRLKETDQILAINGQALDQTITHQQAISI	TDQILAINGQALDQTIT	RDGRLKETDQILAINEQALDQTITHQQAISI	TDQILAINEQALDQTIT	NM_001378778.1	-	MANE_Select	A1	5
9_135786449_A/C	9:135786449-135786449	C	missense_variant	MODERATE	KCNT1	ENSG00000107147	ENST00000371757.7	ENST00000371757.7	ENSP00000360822	S	P	1144	AAEWISQQRLSLYRRSERQELSELVKNRMKH	QRLSLYRRSERQELSEL	AAEWISQQRLSLYRRPERQELSELVKNRMKH	QRLSLYRRPERQELSEL	NM_020822.3	-	MANE_Select	A2	1
9_15784546_G/T	9:15784546-15784546	T	missense_variant	MODERATE	CCDC171	ENSG00000164989	ENST00000380701.8	ENST00000380701.8	ENSP00000370077	E	V	1040	KQSKLITHEKFESACEELNNALLREEQAQML	HEKFESACEELNNALLR	KQSKLITHEKFESACVELNNALLREEQAQML	HEKFESACVELNNALLR	NM_173550.4	-	MANE_Select	-	1
9_16419547_C/T	9:16419547-16419547	T	missense_variant	MODERATE	BNC2	ENSG00000173068	ENST00000380672.9	ENST00000380672.9	ENSP00000370047	D	E	914	MGLDSSQPSLSKDLRDEFLVKIYGAQHPMGL	PSLSKDLRDEFLVKIYG	MGLDSSQPSLSKDLREEFLVKIYGAQHPMGL	PSLSKDLREEFLVKIYG	NM_017637.6	-	MANE_Select	P3	2
9_17273829_A/C	9:17273829-17273829	C	missense_variant	MODERATE	CNTLN	ENSG00000044459	ENST00000380647.8	ENST00000380647.8	ENSP00000370021	E	Q	316	SKYNALSLQLSNKQTELIQKDMDITLVRKEL	LQLSNKQTELIQKDMDI	SKYNALSLQLSNKQTQLIQKDMDITLVRKEL	LQLSNKQTQLIQKDMDI	NM_017738.4	-	MANE_Select	P4	1
9_19063525_G/T	9:19063525-19063525	T	missense_variant	MODERATE	HAUS6	ENSG00000147874	ENST00000380502.8	ENST00000380502.8	ENSP00000369871	V	I	478	FLSQSVSSSDRNSVTVLEKDTKMGTPKEKNE	SSDRNSVTVLEKDTKMG	FLSQSVSSSDRNSVTILEKDTKMGTPKEKNE	SSDRNSVTILEKDTKMG	NM_017645.5	-	MANE_Select	P1	1
9_19316816_G/T	9:19316816-19316816	T	missense_variant	MODERATE	DENND4C	ENSG00000137145	ENST00000434457.7	ENST00000434457.7	ENSP00000473469	A	V	595	YLRPITEAPSNKATAADSLFDRQGFLKSRDR	APSNKATAADSLFDRQG	YLRPITEAPSNKATAVDSLFDRQGFLKSRDR	APSNKATAVDSLFDRQG	NM_001330640.2	-	MANE_Select	P4	5
9_2115849_C/T	9:2115849-2115849	T	missense_variant	MODERATE	SMARCA2	ENSG00000080503	ENST00000349721.8	ENST00000349721.8	ENSP00000265773	R	C	1162	DWNPHQDLQAQDRAHRIGQQNEVRVLRLCTV	LQAQDRAHRIGQQNEVR	DWNPHQDLQAQDRAHCIGQQNEVRVLRLCTV	LQAQDRAHCIGQQNEVR	NM_003070.5	-	MANE_Select	P3	5
9_21971003_C/G	9:21971003-21971003	G	stop_lost	HIGH	CDKN2A	ENSG00000147889	ENST00000579755.2	ENST00000579755.2	ENSP00000462950	*	C	133					-	NM_058195.4	MANE_Plus_Clinical	-	1
9_21971108_C/A	9:21971108-21971108	A	missense_variant	MODERATE	CDKN2A	ENSG00000147889	ENST00000304494.10	ENST00000304494.10	ENSP00000307101	D	V	84	EPNCADPATLTRPVHDAAREGFLDTLVVLHR	ATLTRPVHDAAREGFLD	EPNCADPATLTRPVHVAAREGFLDTLVVLHR	ATLTRPVHVAAREGFLD	NM_000077.5	-	MANE_Select	P2	1
9_27158032_G/T	9:27158032-27158032	T	missense_variant	MODERATE	TEK	ENSG00000120156	ENST00000380036.10	ENST00000380036.10	ENSP00000369375	K	I	85	DPLEVTQDVTREWAKKVVWKREKASKINGAY	DVTREWAKKVVWKREKA	DPLEVTQDVTREWAKIVVWKREKASKINGAY	DVTREWAKIVVWKREKA	NM_000459.5	-	MANE_Select	P3	1
9_2718784_C/T	9:2718784-2718784	T	stop_gained	HIGH	KCNV2	ENSG00000168263	ENST00000382082.4	ENST00000382082.4	ENSP00000371514	Q	*	349	ALNLVDLVAILPLYLQLLLECFTGEGHQRGQ	VAILPLYLQLLLECFTG	ALNLVDLVAILPLYL*LLLECFTGEGHQRGQ	VAILPLYL*LLLECFTG	NM_133497.4	-	MANE_Select	P1	1
9_27202967_G/T	9:27202967-27202967	T	missense_variant	MODERATE	TEK	ENSG00000120156	ENST00000380036.10	ENST00000380036.10	ENSP00000369375	D	V	686	TIRYKVQGKNEDQHVDVKIKNATITQYQLKG	GKNEDQHVDVKIKNATI	TIRYKVQGKNEDQHVVVKIKNATITQYQLKG	GKNEDQHVVVKIKNATI	NM_000459.5	-	MANE_Select	P3	1
9_32429463_G/T	9:32429463-32429463	T	missense_variant	MODERATE	ACO1	ENSG00000122729	ENST00000309951.8	ENST00000309951.8	ENSP00000309477	S	I	510	GFDVVGYGCMTCIGNSGPLPEPVVEAITQGD	GCMTCIGNSGPLPEPVV	GFDVVGYGCMTCIGNIGPLPEPVVEAITQGD	GCMTCIGNIGPLPEPVV	NM_002197.3	-	MANE_Select	P3	1
9_33927945_A/C	9:33927945-33927945	C	missense_variant	MODERATE	UBAP2	ENSG00000137073	ENST00000379238.7	ENST00000379238.7	ENSP00000368540	F	L	741	HASVESASSHQSSATFSTAATSVSSSASSGA	SSHQSSATFSTAATSVS	HASVESASSHQSSATLSTAATSVSSSASSGA	SSHQSSATLSTAATSVS	NM_001370062.2	-	MANE_Select	P3	5
9_34259675_G/A	9:34259675-34259675	A	stop_gained	HIGH	KIF24	ENSG00000186638	ENST00000402558.7	ENST00000402558.7	ENSP00000384433	K	*	516	SKLTQVLKDSFIGNAKTCMIANISPSHVATE	KDSFIGNAKTCMIANIS	SKLTQVLKDSFIGNA*TCMIANISPSHVATE	KDSFIGNA*TCMIANIS	NM_194313.4	-	MANE_Select	P1	5
9_34500833_T/C	9:34500833-34500833	C	missense_variant	MODERATE	DNAI1	ENSG00000122735	ENST00000242317.9	ENST00000242317.9	ENSP00000242317	L	P	338	WKFQNDKAKRLSVTALCWNPKYRDLFAVGYG	AKRLSVTALCWNPKYRD	WKFQNDKAKRLSVTAPCWNPKYRDLFAVGYG	AKRLSVTAPCWNPKYRD	NM_012144.4	-	MANE_Select	-	1
9_35042287_G/-	9:35042286-35042287	-	frameshift_variant	HIGH	SPATA31G1	ENSG00000174038	ENST00000312292.6	ENST00000312292.6	ENSP00000308279	A	X	11	MEWLLEDLLGAKGDMGLLWGQLTHAL	WLLEDLLGAKGDMGLLW	MEWLLEDLLGXKGDMGLLWGQLTHAL	WLLEDLLGXKGDMGLLW	NM_203299.4	-	MANE_Select	P2	1
9_35043842_G/T	9:35043842-35043842	T	stop_gained	HIGH	SPATA31G1	ENSG00000174038	ENST00000312292.6	ENST00000312292.6	ENSP00000308279	E	*	405	PPLDSLPELQRESSLEDPSRYKPQWECRENS	ELQRESSLEDPSRYKPQ	PPLDSLPELQRESSL*DPSRYKPQWECRENS	ELQRESSL*DPSRYKPQ	NM_203299.4	-	MANE_Select	P2	1
9_35615948_C/T	9:35615948-35615948	T	stop_gained	HIGH	CD72	ENSG00000137101	ENST00000259633.9	ENST00000259633.9	ENSP00000259633	S	*	228	LSNMENRLKPFFTCGSADTCCPSGWIMHQKS	LKPFFTCGSADTCCPSG	LSNMENRLKPFFTCG*ADTCCPSGWIMHQKS	LKPFFTCG*ADTCCPSG	NM_001782.3	-	MANE_Select	P1	1
9_35650620_T/C	9:35650620-35650620	C	missense_variant	MODERATE	SIT1	ENSG00000137078	ENST00000259608.8	ENST00000259608.8	ENSP00000259608	Q	E	40	DNCTDLLALGIPSITQAWGLWVLLGAVTLLF	ALGIPSITQAWGLWVLL	DNCTDLLALGIPSITEAWGLWVLLGAVTLLF	ALGIPSITEAWGLWVLL	NM_014450.3	-	MANE_Select	P1	1
9_35698454_C/T	9:35698454-35698454	T	missense_variant	MODERATE	TLN1	ENSG00000137076	ENST00000314888.10	ENST00000314888.10	ENSP00000316029	A	T	2414	MVAAATNNLCEAANAAVQGHASQEKLISSAK	NLCEAANAAVQGHASQE	MVAAATNNLCEAANATVQGHASQEKLISSAK	NLCEAANATVQGHASQE	NM_006289.4	-	MANE_Select	P3	1
9_35792667_A/G	9:35792667-35792667	G	missense_variant	MODERATE	NPR2	ENSG00000159899	ENST00000342694.7	ENST00000342694.7	ENSP00000341083	L	V	87	EGACSEYLAPLSAVDLKLYHDPDLLLGPGCV	LAPLSAVDLKLYHDPDL	EGACSEYLAPLSAVDVKLYHDPDLLLGPGCV	LAPLSAVDVKLYHDPDL	NM_003995.4	-	MANE_Select	P3	1
9_35802530_C/T	9:35802530-35802530	T	missense_variant	MODERATE	NPR2	ENSG00000159899	ENST00000342694.7	ENST00000342694.7	ENSP00000341083	T	S	580	LFELKHMRDVQFNHLTRFIGACIDPPNICIV	RDVQFNHLTRFIGACID	LFELKHMRDVQFNHLSRFIGACIDPPNICIV	RDVQFNHLSRFIGACID	NM_003995.4	-	MANE_Select	P3	1
9_36376031_G/T	9:36376031-36376031	T	missense_variant	MODERATE	RNF38	ENSG00000137075	ENST00000259605.11	ENST00000259605.11	ENSP00000259605	W	R	87	DYTSASPAPSPPMRPWEMTSNRQPPSVRPSQ	APSPPMRPWEMTSNRQP	DYTSASPAPSPPMRPREMTSNRQPPSVRPSQ	APSPPMRPREMTSNRQP	NM_022781.5	-	MANE_Select	-	1
9_39176053_G/A	9:39176053-39176053	A	missense_variant	MODERATE	CNTNAP3	ENSG00000106714	ENST00000297668.11	ENST00000297668.11	ENSP00000297668	A	S	323	FEISFGGIPTPGRSRAFRRKSFHGCLENLYY	IPTPGRSRAFRRKSFHG	FEISFGGIPTPGRSRSFRRKSFHGCLENLYY	IPTPGRSRSFRRKSFHG	NM_033655.5	-	MANE_Select	P2	1
9_39358471_C/-	9:39358470-39358471	-	frameshift_variant	HIGH	SPATA31A1	ENSG00000204849	ENST00000377647.6	ENST00000377647.6	ENSP00000366875	T	X	236	PKGFTAPPLRDSTLITPSHCDSVALPLGTVP	PLRDSTLITPSHCDSVA	PKGFTAPPLRDSTLIXPSHCDSVALPLGTVP	PLRDSTLIXPSHCDSVA	NM_001085452.4	-	MANE_Select	P1	1
9_4118102_G/-	9:4118101-4118102	-	frameshift_variant	HIGH	GLIS3	ENSG00000107249	ENST00000381971.8	ENST00000381971.8	ENSP00000371398	P	X	459	PPAPPLPPLPPPPGPPPPYHAHAHLHHPELG	PLPPPPGPPPPYHAHAH	PPAPPLPPLPPPPGPXPPYHAHAHLHHPELG	PLPPPPGPXPPYHAHAH	NM_001042413.2	-	MANE_Select	P1	5
9_428485_C/G	9:428485-428485	G	missense_variant	MODERATE	DOCK8	ENSG00000107099	ENST00000432829.7	ENST00000432829.7	ENSP00000394888	L	V	1488	QSTTYLTHCFATLRALIAKFGDLLFEEEVEQ	HCFATLRALIAKFGDLL	QSTTYLTHCFATLRAVIAKFGDLLFEEEVEQ	HCFATLRAVIAKFGDLL	NM_203447.4	-	MANE_Select	A1	1
9_4286193_C/T	9:4286193-4286193	T	missense_variant	MODERATE	GLIS3	ENSG00000107249	ENST00000381971.8	ENST00000381971.8	ENSP00000371398	R	H	78	PSGGGMAPQNNVAESRIHLPALSPRRQMLTN	PQNNVAESRIHLPALSP	PSGGGMAPQNNVAESHIHLPALSPRRQMLTN	PQNNVAESHIHLPALSP	NM_001042413.2	-	MANE_Select	P1	5
9_4684988_G/T	9:4684988-4684988	T	missense_variant	MODERATE	CDC37L1	ENSG00000106993	ENST00000381854.4	ENST00000381854.4	ENSP00000371278	A	S	82	CKWNLAEAQQKLGSLALHNSESLDQEHAKAQ	AQQKLGSLALHNSESLD	CKWNLAEAQQKLGSLSLHNSESLDQEHAKAQ	AQQKLGSLSLHNSESLD	NM_017913.4	-	MANE_Select	P1	1
9_4685133_C/T	9:4685133-4685133	T	missense_variant	MODERATE	CDC37L1	ENSG00000106993	ENST00000381854.4	ENST00000381854.4	ENSP00000371278	A	V	130	EALVQREKMCLWSTDAISKDVFNKSFINQDK	KMCLWSTDAISKDVFNK	EALVQREKMCLWSTDVISKDVFNKSFINQDK	KMCLWSTDVISKDVFNK	NM_017913.4	-	MANE_Select	P1	1
9_4740952_T/C	9:4740952-4740952	C	missense_variant	MODERATE	AK3	ENSG00000147853	ENST00000381809.8	ENST00000381809.8	ENSP00000371230	M	V	46	FELKHLSSGDLLRDNMLRGTEIGVLAKAFID	SGDLLRDNMLRGTEIGV	FELKHLSSGDLLRDNVLRGTEIGVLAKAFID	SGDLLRDNVLRGTEIGV	NM_016282.4	-	MANE_Select	P3	1
9_5745941_C/A	9:5745941-5745941	A	missense_variant	MODERATE	RIC1	ENSG00000107036	ENST00000414202.7	ENST00000414202.7	ENSP00000416696	A	E	369	GTKKDPLKINSMSWGAEGYHLWVISGFGSQN	KINSMSWGAEGYHLWVI	GTKKDPLKINSMSWGEEGYHLWVISGFGSQN	KINSMSWGEEGYHLWVI	NM_020829.4	-	MANE_Select	P3	5
9_5810057_G/T	9:5810057-5810057	T	missense_variant	MODERATE	ERMP1	ENSG00000099219	ENST00000339450.10	ENST00000339450.10	ENSP00000340427	A	D	501	NHFYVSVCLYGTATVAKIILIHTLAKRFYYM	CLYGTATVAKIILIHTL	NHFYVSVCLYGTATVDKIILIHTLAKRFYYM	CLYGTATVDKIILIHTL	NM_024896.3	-	MANE_Select	P1	1
9_6254494_A/C	9:6254494-6254494	C	missense_variant	MODERATE	IL33	ENSG00000137033	ENST00000682010.1	ENST00000682010.1	ENSP00000507310	T	P	185	SNESGDGVDGKMLMVTLSPTKDFWLHANNKE	VDGKMLMVTLSPTKDFW	SNESGDGVDGKMLMVPLSPTKDFWLHANNKE	VDGKMLMVPLSPTKDFW	NM_033439.4	-	MANE_Select	P2	-
9_8331583_T/A	9:8331583-8331583	A	missense_variant,splice_region_variant	MODERATE	PTPRD	ENSG00000153707	ENST00000381196.9	ENST00000381196.9	ENSP00000370593	S	C	1845	TKEQFGQDGPISVHCSAGVGRTGVFITLSIV	DGPISVHCSAGVGRTGV	TKEQFGQDGPISVHCCAGVGRTGVFITLSIV	DGPISVHCCAGVGRTGV	NM_002839.4	-	MANE_Select	P3	5
MT_10668_G/A	MT:10668-10668	A	missense_variant	MODERATE	MT-ND4L	ENSG00000212907	ENST00000361335.1	ENST00000361335.1	ENSP00000354728	A	T	67	HSLLANIVPIAMLVFAACEAAVGLALLVSIS	VPIAMLVFAACEAAVGL	HSLLANIVPIAMLVFTACEAAVGLALLVSIS	VPIAMLVFTACEAAVGL	-	-	-	P1	-
MT_10725_G/A	MT:10725-10725	A	missense_variant	MODERATE	MT-ND4L	ENSG00000212907	ENST00000361335.1	ENST00000361335.1	ENSP00000354728	G	S	86	AAVGLALLVSISNTYGLDYVHNLNLLQC	LVSISNTYGLDYVHNLN	AAVGLALLVSISNTYSLDYVHNLNLLQC	LVSISNTYSLDYVHNLN	-	-	-	P1	-
MT_11192_G/A	MT:11192-11192	A	missense_variant	MODERATE	MT-ND4	ENSG00000198886	ENST00000361381.2	ENST00000361381.2	ENSP00000354961	A	T	145	LAIITRWGNQPERLNAGTYFLFYTLVGSLPL	GNQPERLNAGTYFLFYT	LAIITRWGNQPERLNTGTYFLFYTLVGSLPL	GNQPERLNTGTYFLFYT	-	-	-	P1	-
MT_11880_A/G	MT:11880-11880	G	missense_variant	MODERATE	MT-ND4	ENSG00000198886	ENST00000361381.2	ENST00000361381.2	ENSP00000354961	N	S	374	WLLASLANLALPPTINLLGELSVLVTTFSWS	NLALPPTINLLGELSVL	WLLASLANLALPPTISLLGELSVLVTTFSWS	NLALPPTISLLGELSVL	-	-	-	P1	-
MT_11988_T/C	MT:11988-11988	C	missense_variant	MODERATE	MT-ND4	ENSG00000198886	ENST00000361381.2	ENST00000361381.2	ENSP00000354961	M	T	410	LTGLNMLVTALYSLYMFTTTQWGSLTHHINN	VTALYSLYMFTTTQWGS	LTGLNMLVTALYSLYTFTTTQWGSLTHHINN	VTALYSLYTFTTTQWGS	-	-	-	P1	-
MT_12125_G/A	MT:12125-12125	A	stop_gained	HIGH	MT-ND4	ENSG00000198886	ENST00000361381.2	ENST00000361381.2	ENSP00000354961	G	*	456	LSPILLLSLNPDIITGFSS	SLNPDIITGFSS	LSPILLLSLNPDIIT*FSS	SLNPDIIT*FSS	-	-	-	P1	-
MT_12736_G/A	MT:12736-12736	A	missense_variant	MODERATE	MT-ND5	ENSG00000198786	ENST00000361567.2	ENST00000361567.2	ENSP00000354813	A	T	134	KYLLIFLITMLILVTANNLFQLFIGWEGVGI	ITMLILVTANNLFQLFI	KYLLIFLITMLILVTTNNLFQLFIGWEGVGI	ITMLILVTTNNLFQLFI	-	-	-	P1	-
MT_14384_G/A	MT:14384-14384	A	missense_variant	MODERATE	MT-ND6	ENSG00000198695	ENST00000361681.2	ENST00000361681.2	ENSP00000354665	A	V	97	WGSGVEVLVSVLVGLAMEVGLVLWVKEYDGV	LVSVLVGLAMEVGLVLW	WGSGVEVLVSVLVGLVMEVGLVLWVKEYDGV	LVSVLVGLVMEVGLVLW	-	-	-	P1	-
MT_14487_T/C	MT:14487-14487	C	missense_variant	MODERATE	MT-ND6	ENSG00000198695	ENST00000361681.2	ENST00000361681.2	ENSP00000354665	M	V	63	GGYMGLMVFLIYLGGMMVVFGYTTAMAIEEY	VFLIYLGGMMVVFGYTT	GGYMGLMVFLIYLGGVMVVFGYTTAMAIEEY	VFLIYLGGVMVVFGYTT	-	-	-	P1	-
MT_14900_G/A	MT:14900-14900	A	missense_variant	MODERATE	MT-CYB	ENSG00000198727	ENST00000361789.2	ENST00000361789.2	ENSP00000354554	A	T	52	LGACLILQITTGLFLAMHYSPDASTAFSSIA	QITTGLFLAMHYSPDAS	LGACLILQITTGLFLTMHYSPDASTAFSSIA	QITTGLFLTMHYSPDAS	-	-	-	P1	-
MT_15591_G/A	MT:15591-15591	A	missense_variant	MODERATE	MT-CYB	ENSG00000198727	ENST00000361789.2	ENST00000361789.2	ENSP00000354554	R	Q	282	HIKPEWYFLFAYTILRSVPNKLGGVLALLLS	FLFAYTILRSVPNKLGG	HIKPEWYFLFAYTILQSVPNKLGGVLALLLS	FLFAYTILQSVPNKLGG	-	-	-	P1	-
MT_15744_T/C	MT:15744-15744	C	missense_variant	MODERATE	MT-CYB	ENSG00000198727	ENST00000361789.2	ENST00000361789.2	ENSP00000354554	L	P	333	RPLSQSLYWLLAADLLILTWIGGQPVSYPFT	YWLLAADLLILTWIGGQ	RPLSQSLYWLLAADLPILTWIGGQPVSYPFT	YWLLAADLPILTWIGGQ	-	-	-	P1	-
MT_3850_G/A	MT:3850-3850	A	missense_variant	MODERATE	MT-ND1	ENSG00000198888	ENST00000361390.2	ENST00000361390.2	ENSP00000354687	A	T	182	TTQEHLWLLLPSWPLAMMWFISTLAETNRTP	LLLPSWPLAMMWFISTL	TTQEHLWLLLPSWPLTMMWFISTLAETNRTP	LLLPSWPLTMMWFISTL	-	-	-	P1	-
MT_5248_T/C	MT:5248-5248	C	missense_variant	MODERATE	MT-ND2	ENSG00000198763	ENST00000361453.3	ENST00000361453.3	ENSP00000355046	F	S	260	PSTLLSLGGLPPLTGFLPKWAIIEEFTKNNS	GGLPPLTGFLPKWAIIE	PSTLLSLGGLPPLTGSLPKWAIIEEFTKNNS	GGLPPLTGSLPKWAIIE	-	-	-	P1	-
MT_5970_G/A	MT:5970-5970	A	missense_variant	MODERATE	MT-CO1	ENSG00000198804	ENST00000361624.2	ENST00000361624.2	ENSP00000354499	G	S	23	FSTNHKDIGTLYLLFGAWAGVLGTALSLLIR	IGTLYLLFGAWAGVLGT	FSTNHKDIGTLYLLFSAWAGVLGTALSLLIR	IGTLYLLFSAWAGVLGT	-	-	-	P1	-
MT_6510_G/A	MT:6510-6510	A	missense_variant	MODERATE	MT-CO1	ENSG00000198804	ENST00000361624.2	ENST00000361624.2	ENSP00000354499	A	T	203	VLITAVLLLLSLPVLAAGITMLLTDRNLNTT	LLLSLPVLAAGITMLLT	VLITAVLLLLSLPVLTAGITMLLTDRNLNTT	LLLSLPVLTAGITMLLT	-	-	-	P1	-
MT_6825_G/A	MT:6825-6825	A	missense_variant	MODERATE	MT-CO1	ENSG00000198804	ENST00000361624.2	ENST00000361624.2	ENSP00000354499	A	T	308	FTVGMDVDTRAYFTSATMIIAIPTGVKVFSW	DTRAYFTSATMIIAIPT	FTVGMDVDTRAYFTSTTMIIAIPTGVKVFSW	DTRAYFTSTTMIIAIPT	-	-	-	P1	-
MT_7805_G/A	MT:7805-7805	A	missense_variant	MODERATE	MT-CO2	ENSG00000198712	ENST00000361739.1	ENST00000361739.1	ENSP00000354876	V	I	74	QEMETVWTILPAIILVLIALPSLRILYMTDE	TILPAIILVLIALPSLR	QEMETVWTILPAIILILIALPSLRILYMTDE	TILPAIILILIALPSLR	-	-	-	P1	-
MT_7820_C/T	MT:7820-7820	T	missense_variant	MODERATE	MT-CO2	ENSG00000198712	ENST00000361739.1	ENST00000361739.1	ENSP00000354876	P	S	79	VWTILPAIILVLIALPSLRILYMTDEVNDPS	IILVLIALPSLRILYMT	VWTILPAIILVLIALSSLRILYMTDEVNDPS	IILVLIALSSLRILYMT	-	-	-	P1	-
MT_7827_T/C	MT:7827-7827	C	missense_variant	MODERATE	MT-CO2	ENSG00000198712	ENST00000361739.1	ENST00000361739.1	ENSP00000354876	L	P	81	TILPAIILVLIALPSLRILYMTDEVNDPSLT	LVLIALPSLRILYMTDE	TILPAIILVLIALPSPRILYMTDEVNDPSLT	LVLIALPSPRILYMTDE	-	-	-	P1	-
MT_7854_T/C	MT:7854-7854	C	missense_variant	MODERATE	MT-CO2	ENSG00000198712	ENST00000361739.1	ENST00000361739.1	ENSP00000354876	V	A	90	LIALPSLRILYMTDEVNDPSLTIKSIGHQWY	RILYMTDEVNDPSLTIK	LIALPSLRILYMTDEANDPSLTIKSIGHQWY	RILYMTDEANDPSLTIK	-	-	-	P1	-
MT_7929_G/A	MT:7929-7929	A	missense_variant	MODERATE	MT-CO2	ENSG00000198712	ENST00000361739.1	ENST00000361739.1	ENSP00000354876	G	E	115	IGHQWYWTYEYTDYGGLIFNSYMLPPLFLEP	TYEYTDYGGLIFNSYML	IGHQWYWTYEYTDYGELIFNSYMLPPLFLEP	TYEYTDYGELIFNSYML	-	-	-	P1	-
